src_type,src_id,dst_type,dst_id,edge_kind,amount_paise
customer,CUST_001,order,ORD_0001,PLACED,250000
customer,CUST_001,order,ORD_0027,PLACED,1250000
customer,CUST_002,order,ORD_0002,PLACED,1000000
customer,CUST_002,order,ORD_0028,PLACED,1200000
customer,CUST_003,order,ORD_0003,PLACED,480000
customer,CUST_003,order,ORD_0029,PLACED,950000
customer,CUST_004,order,ORD_0004,PLACED,620000
customer,CUST_004,order,ORD_0030,PLACED,450000
customer,CUST_005,order,ORD_0005,PLACED,310000
customer,CUST_005,order,ORD_0031,PLACED,450000
customer,CUST_006,order,ORD_0006,PLACED,900000
customer,CUST_006,order,ORD_0032,PLACED,500000
customer,CUST_007,order,ORD_0007,PLACED,1000000
customer,CUST_007,order,ORD_0033,PLACED,500000
customer,CUST_008,order,ORD_0008,PLACED,120200
customer,CUST_008,order,ORD_0034,PLACED,485000
customer,CUST_009,order,ORD_0009,PLACED,180500
customer,CUST_009,order,ORD_0035,PLACED,250000
customer,CUST_010,order,ORD_0010,PLACED,240700
customer,CUST_010,order,ORD_0036,PLACED,1120000
customer,CUST_011,order,ORD_0011,PLACED,300800
customer,CUST_011,order,ORD_0037,PLACED,318000
customer,CUST_012,order,ORD_0012,PLACED,361000
customer,CUST_012,order,ORD_0038,PLACED,742000
customer,CUST_013,order,ORD_0013,PLACED,421100
customer,CUST_013,order,ORD_0039,PLACED,196000
customer,CUST_014,order,ORD_0014,PLACED,1200000
customer,CUST_014,order,ORD_0040,PLACED,655000
customer,CUST_015,order,ORD_0015,PLACED,800000
customer,CUST_015,order,ORD_0041,PLACED,1480000
customer,CUST_016,order,ORD_0016,PLACED,700000
customer,CUST_016,order,ORD_0042,PLACED,409000
customer,CUST_017,order,ORD_0017,PLACED,250000
customer,CUST_017,order,ORD_0043,PLACED,275000
customer,CUST_018,order,ORD_0018,PLACED,950000
customer,CUST_018,order,ORD_0044,PLACED,890000
customer,CUST_019,order,ORD_0019,PLACED,1400000
customer,CUST_019,order,ORD_0045,PLACED,533000
customer,CUST_020,order,ORD_0020,PLACED,900000
customer,CUST_020,order,ORD_0046,PLACED,167000
customer,CUST_021,order,ORD_0021,PLACED,600000
customer,CUST_022,order,ORD_0022,PLACED,700000
customer,CUST_023,order,ORD_0023,PLACED,550000
customer,CUST_024,order,ORD_0024,PLACED,1100000
customer,CUST_025,order,ORD_0025,PLACED,1000000
customer,CUST_026,order,ORD_0026,PLACED,850000
payment,EV01_P1,ledger_entry,L_00001,POSTED_AS,250000
payment,EV01_P1,ledger_entry,L_00002,POSTED_AS,250000
payment,EV01_P1,ledger_entry,L_00003,POSTED_AS,250000
payment,EV01_P1,ledger_entry,L_00004,POSTED_AS,250000
payment,EV01_P1,settlement_item,SI_0001,SETTLED_AS,250000
payment,EV01_P2,seller_allocation,ALLOC_0001,ALLOCATED_TO,600000
payment,EV01_P2,seller_allocation,ALLOC_0002,ALLOCATED_TO,350000
payment,EV01_P2,ledger_entry,L_00005,POSTED_AS,1000000
payment,EV01_P2,ledger_entry,L_00006,POSTED_AS,1000000
payment,EV01_P2,ledger_entry,L_00007,POSTED_AS,976400
payment,EV01_P2,ledger_entry,L_00008,POSTED_AS,20000
payment,EV01_P2,ledger_entry,L_00009,POSTED_AS,3600
payment,EV01_P2,ledger_entry,L_00010,POSTED_AS,1000000
payment,EV01_P2,settlement_item,SI_0002,SETTLED_AS,1000000
payment,EV01_P2,transfer,TRF_0001,TRANSFERRED_BY,528000
payment,EV01_P2,transfer,TRF_0002,TRANSFERRED_BY,308000
payment,EV01_P3,seller_allocation,ALLOC_0003,ALLOCATED_TO,432000
payment,EV01_P3,ledger_entry,L_00011,POSTED_AS,480000
payment,EV01_P3,ledger_entry,L_00012,POSTED_AS,480000
payment,EV01_P3,ledger_entry,L_00013,POSTED_AS,470088
payment,EV01_P3,ledger_entry,L_00014,POSTED_AS,8400
payment,EV01_P3,ledger_entry,L_00015,POSTED_AS,1512
payment,EV01_P3,ledger_entry,L_00016,POSTED_AS,480000
payment,EV01_P3,settlement_item,SI_0003,SETTLED_AS,480000
payment,EV01_P3,transfer,TRF_0003,TRANSFERRED_BY,397440
payment,EV02_P3,seller_allocation,ALLOC_0004,ALLOCATED_TO,496000
payment,EV02_P3,ledger_entry,L_00017,POSTED_AS,620000
payment,EV02_P3,ledger_entry,L_00018,POSTED_AS,620000
payment,EV02_P3,ledger_entry,L_00019,POSTED_AS,605368
payment,EV02_P3,ledger_entry,L_00020,POSTED_AS,12400
payment,EV02_P3,ledger_entry,L_00021,POSTED_AS,2232
payment,EV02_P3,ledger_entry,L_00022,POSTED_AS,620000
payment,EV02_P3,settlement_item,SI_0004,SETTLED_AS,620000
payment,EV02_P3,transfer,TRF_0004,TRANSFERRED_BY,421600
payment,EV02_P4,seller_allocation,ALLOC_0005,ALLOCATED_TO,232500
payment,EV02_P4,ledger_entry,L_00023,POSTED_AS,310000
payment,EV02_P4,ledger_entry,L_00024,POSTED_AS,310000
payment,EV02_P4,ledger_entry,L_00025,POSTED_AS,302684
payment,EV02_P4,ledger_entry,L_00026,POSTED_AS,6200
payment,EV02_P4,ledger_entry,L_00027,POSTED_AS,1116
payment,EV02_P4,ledger_entry,L_00028,POSTED_AS,310000
payment,EV02_P4,settlement_item,SI_0005,SETTLED_AS,310000
payment,EV02_P4,transfer,TRF_0005,TRANSFERRED_BY,213900
payment,EV03_P1,seller_allocation,ALLOC_0006,ALLOCATED_TO,450000
payment,EV03_P1,refund,EV03_R1,REFUNDED_BY,300000
payment,EV03_P1,ledger_entry,L_00029,POSTED_AS,900000
payment,EV03_P1,ledger_entry,L_00030,POSTED_AS,900000
payment,EV03_P1,ledger_entry,L_00031,POSTED_AS,300000
payment,EV03_P1,ledger_entry,L_00032,POSTED_AS,300000
payment,EV03_P1,ledger_entry,L_00033,POSTED_AS,578760
payment,EV03_P1,ledger_entry,L_00034,POSTED_AS,18000
payment,EV03_P1,ledger_entry,L_00035,POSTED_AS,3240
payment,EV03_P1,ledger_entry,L_00036,POSTED_AS,600000
payment,EV03_P1,settlement_item,SI_0006,SETTLED_AS,900000
payment,EV03_P1,transfer,TRF_0006,TRANSFERRED_BY,414000
refund,EV03_R1,settlement_item,SI_0007,SETTLED_AS,-300000
payment,EV04_P1,seller_allocation,ALLOC_0007,ALLOCATED_TO,700000
payment,EV04_P1,ledger_entry,L_00037,POSTED_AS,1000000
payment,EV04_P1,ledger_entry,L_00038,POSTED_AS,1000000
payment,EV04_P1,ledger_entry,L_00039,POSTED_AS,970500
payment,EV04_P1,ledger_entry,L_00040,POSTED_AS,25000
payment,EV04_P1,ledger_entry,L_00041,POSTED_AS,4500
payment,EV04_P1,ledger_entry,L_00042,POSTED_AS,1000000
payment,EV04_P1,settlement_item,SI_0008,SETTLED_AS,1000000
payment,EV04_P1,transfer,TRF_0007,TRANSFERRED_BY,616000
payment,EV05_P1,seller_allocation,ALLOC_0008,ALLOCATED_TO,114190
payment,EV05_P1,ledger_entry,L_00043,POSTED_AS,120200
payment,EV05_P1,ledger_entry,L_00044,POSTED_AS,120200
payment,EV05_P1,ledger_entry,L_00045,POSTED_AS,117363
payment,EV05_P1,ledger_entry,L_00046,POSTED_AS,2404
payment,EV05_P1,ledger_entry,L_00047,POSTED_AS,433
payment,EV05_P1,ledger_entry,L_00048,POSTED_AS,120200
payment,EV05_P1,settlement_item,SI_0009,SETTLED_AS,120200
payment,EV05_P1,transfer,TRF_0008,TRANSFERRED_BY,97061
payment,EV05_P2,ledger_entry,L_00049,POSTED_AS,180500
payment,EV05_P2,ledger_entry,L_00050,POSTED_AS,180500
payment,EV05_P2,ledger_entry,L_00051,POSTED_AS,176240
payment,EV05_P2,ledger_entry,L_00052,POSTED_AS,3610
payment,EV05_P2,ledger_entry,L_00053,POSTED_AS,650
payment,EV05_P2,ledger_entry,L_00054,POSTED_AS,180500
payment,EV05_P2,settlement_item,SI_0010,SETTLED_AS,180500
payment,EV05_P3,ledger_entry,L_00055,POSTED_AS,240700
payment,EV05_P3,ledger_entry,L_00056,POSTED_AS,240700
payment,EV05_P3,ledger_entry,L_00057,POSTED_AS,235019
payment,EV05_P3,ledger_entry,L_00058,POSTED_AS,4814
payment,EV05_P3,ledger_entry,L_00059,POSTED_AS,867
payment,EV05_P3,ledger_entry,L_00060,POSTED_AS,240700
payment,EV05_P3,settlement_item,SI_0011,SETTLED_AS,240700
payment,EV05_P4,seller_allocation,ALLOC_0009,ALLOCATED_TO,195520
payment,EV05_P4,ledger_entry,L_00061,POSTED_AS,300800
payment,EV05_P4,ledger_entry,L_00062,POSTED_AS,300800
payment,EV05_P4,ledger_entry,L_00063,POSTED_AS,293701
payment,EV05_P4,ledger_entry,L_00064,POSTED_AS,6016
payment,EV05_P4,ledger_entry,L_00065,POSTED_AS,1083
payment,EV05_P4,ledger_entry,L_00066,POSTED_AS,300800
payment,EV05_P4,settlement_item,SI_0012,SETTLED_AS,300800
payment,EV05_P4,transfer,TRF_0009,TRANSFERRED_BY,172058
payment,EV05_P5,ledger_entry,L_00067,POSTED_AS,361000
payment,EV05_P5,ledger_entry,L_00068,POSTED_AS,361000
payment,EV05_P5,ledger_entry,L_00069,POSTED_AS,352480
payment,EV05_P5,ledger_entry,L_00070,POSTED_AS,7220
payment,EV05_P5,ledger_entry,L_00071,POSTED_AS,1300
payment,EV05_P5,ledger_entry,L_00072,POSTED_AS,361000
payment,EV05_P5,settlement_item,SI_0013,SETTLED_AS,361000
payment,EV05_P6,ledger_entry,L_00073,POSTED_AS,421100
payment,EV05_P6,ledger_entry,L_00074,POSTED_AS,421100
payment,EV05_P6,ledger_entry,L_00075,POSTED_AS,411162
payment,EV05_P6,ledger_entry,L_00076,POSTED_AS,8422
payment,EV05_P6,ledger_entry,L_00077,POSTED_AS,1516
payment,EV05_P6,ledger_entry,L_00078,POSTED_AS,421100
payment,EV05_P6,settlement_item,SI_0014,SETTLED_AS,421100
payment,EV06_P1,seller_allocation,ALLOC_0010,ALLOCATED_TO,480000
payment,EV06_P1,seller_allocation,ALLOC_0011,ALLOCATED_TO,540000
payment,EV06_P1,refund,EV06_R1,REFUNDED_BY,400000
payment,EV06_P1,ledger_entry,L_00079,POSTED_AS,1200000
payment,EV06_P1,ledger_entry,L_00080,POSTED_AS,1200000
payment,EV06_P1,ledger_entry,L_00081,POSTED_AS,400000
payment,EV06_P1,ledger_entry,L_00082,POSTED_AS,400000
payment,EV06_P1,ledger_entry,L_00083,POSTED_AS,771680
payment,EV06_P1,ledger_entry,L_00084,POSTED_AS,24000
payment,EV06_P1,ledger_entry,L_00085,POSTED_AS,4320
payment,EV06_P1,ledger_entry,L_00086,POSTED_AS,800000
payment,EV06_P1,settlement_item,SI_0015,SETTLED_AS,1200000
payment,EV06_P1,transfer,TRF_0010,TRANSFERRED_BY,441600
payment,EV06_P1,transfer,TRF_0011,TRANSFERRED_BY,496800
payment,EV07_P1,refund,EV07_R1,REFUNDED_BY,150000
payment,EV07_P1,ledger_entry,L_00087,POSTED_AS,800000
payment,EV07_P1,ledger_entry,L_00088,POSTED_AS,800000
payment,EV07_P1,ledger_entry,L_00089,POSTED_AS,150000
payment,EV07_P1,ledger_entry,L_00090,POSTED_AS,150000
payment,EV07_P1,ledger_entry,L_00091,POSTED_AS,631120
payment,EV07_P1,ledger_entry,L_00092,POSTED_AS,16000
payment,EV07_P1,ledger_entry,L_00093,POSTED_AS,2880
payment,EV07_P1,ledger_entry,L_00094,POSTED_AS,650000
payment,EV07_P1,settlement_item,SI_0016,SETTLED_AS,800000
refund,EV07_R1,settlement_item,SI_0017,SETTLED_AS,-150000
payment,EV08_P1,seller_allocation,ALLOC_0012,ALLOCATED_TO,560000
payment,EV08_P1,ledger_entry,L_00095,POSTED_AS,700000
payment,EV08_P1,ledger_entry,L_00096,POSTED_AS,700000
payment,EV08_P1,ledger_entry,L_00097,POSTED_AS,683480
payment,EV08_P1,ledger_entry,L_00098,POSTED_AS,14000
payment,EV08_P1,ledger_entry,L_00099,POSTED_AS,2520
payment,EV08_P1,ledger_entry,L_00100,POSTED_AS,700000
payment,EV08_P1,settlement_item,SI_0018,SETTLED_AS,700000
payment,EV08_P1,transfer,TRF_0012,TRANSFERRED_BY,492800
payment,EV08_P2,ledger_entry,L_00101,POSTED_AS,250000
payment,EV08_P2,ledger_entry,L_00102,POSTED_AS,250000
payment,EV08_P2,ledger_entry,L_00103,POSTED_AS,250000
payment,EV08_P2,ledger_entry,L_00104,POSTED_AS,250000
payment,EV08_P2,settlement_item,SI_0019,SETTLED_AS,250000
payment,EV09_P1,ledger_entry,L_00105,POSTED_AS,950000
payment,EV09_P1,ledger_entry,L_00106,POSTED_AS,950000
payment,EV09_P1,ledger_entry,L_00107,POSTED_AS,927580
payment,EV09_P1,ledger_entry,L_00108,POSTED_AS,19000
payment,EV09_P1,ledger_entry,L_00109,POSTED_AS,3420
payment,EV09_P1,ledger_entry,L_00110,POSTED_AS,950000
payment,EV09_P1,settlement_item,SI_0020,SETTLED_AS,950000
payment,EV10_P1,seller_allocation,ALLOC_0013,ALLOCATED_TO,980000
payment,EV10_P1,seller_allocation,ALLOC_0014,ALLOCATED_TO,280000
payment,EV10_P1,ledger_entry,L_00111,POSTED_AS,1400000
payment,EV10_P1,ledger_entry,L_00112,POSTED_AS,1400000
payment,EV10_P1,ledger_entry,L_00113,POSTED_AS,1366960
payment,EV10_P1,ledger_entry,L_00114,POSTED_AS,28000
payment,EV10_P1,ledger_entry,L_00115,POSTED_AS,5040
payment,EV10_P1,ledger_entry,L_00116,POSTED_AS,1400000
payment,EV10_P1,settlement_item,SI_0021,SETTLED_AS,1400000
payment,EV10_P1,transfer,TRF_0013,TRANSFERRED_BY,862400
payment,EV10_P1,transfer,TRF_0014,TRANSFERRED_BY,238000
payment,EV11_P1,seller_allocation,ALLOC_0015,ALLOCATED_TO,540000
payment,EV11_P1,ledger_entry,L_00117,POSTED_AS,900000
payment,EV11_P1,ledger_entry,L_00118,POSTED_AS,900000
payment,EV11_P1,ledger_entry,L_00119,POSTED_AS,878760
payment,EV11_P1,ledger_entry,L_00120,POSTED_AS,18000
payment,EV11_P1,ledger_entry,L_00121,POSTED_AS,3240
payment,EV11_P1,ledger_entry,L_00122,POSTED_AS,900000
payment,EV11_P1,settlement_item,SI_0022,SETTLED_AS,900000
payment,EV11_P1,transfer,TRF_0015,TRANSFERRED_BY,496800
payment,EV11_P2,seller_allocation,ALLOC_0016,ALLOCATED_TO,510000
payment,EV11_P2,ledger_entry,L_00123,POSTED_AS,600000
payment,EV11_P2,ledger_entry,L_00124,POSTED_AS,600000
payment,EV11_P2,ledger_entry,L_00125,POSTED_AS,587610
payment,EV11_P2,ledger_entry,L_00126,POSTED_AS,10500
payment,EV11_P2,ledger_entry,L_00127,POSTED_AS,1890
payment,EV11_P2,ledger_entry,L_00128,POSTED_AS,600000
payment,EV11_P2,settlement_item,SI_0023,SETTLED_AS,600000
payment,EV11_P2,transfer,TRF_0016,TRANSFERRED_BY,469200
payment,EV12_P1,ledger_entry,L_00129,POSTED_AS,700000
payment,EV12_P1,ledger_entry,L_00130,POSTED_AS,700000
payment,EV12_P1,ledger_entry,L_00131,POSTED_AS,683480
payment,EV12_P1,ledger_entry,L_00132,POSTED_AS,14000
payment,EV12_P1,ledger_entry,L_00133,POSTED_AS,2520
payment,EV12_P1,ledger_entry,L_00134,POSTED_AS,700000
payment,EV12_P1,settlement_item,SI_0024,SETTLED_AS,700000
payment,EV13_P1,ledger_entry,L_00135,POSTED_AS,550000
payment,EV13_P1,ledger_entry,L_00136,POSTED_AS,550000
payment,EV13_P1,ledger_entry,L_00137,POSTED_AS,538642
payment,EV13_P1,ledger_entry,L_00138,POSTED_AS,9625
payment,EV13_P1,ledger_entry,L_00139,POSTED_AS,1733
payment,EV13_P1,ledger_entry,L_00140,POSTED_AS,550000
payment,EV13_P1,settlement_item,SI_0025,SETTLED_AS,550000
payment,EV14_P1,seller_allocation,ALLOC_0017,ALLOCATED_TO,605000
payment,EV14_P1,ledger_entry,L_00141,POSTED_AS,1100000
payment,EV14_P1,ledger_entry,L_00142,POSTED_AS,1100000
payment,EV14_P1,ledger_entry,L_00143,POSTED_AS,1074040
payment,EV14_P1,ledger_entry,L_00144,POSTED_AS,22000
payment,EV14_P1,ledger_entry,L_00145,POSTED_AS,3960
payment,EV14_P1,ledger_entry,L_00146,POSTED_AS,1100000
payment,EV14_P1,settlement_item,SI_0026,SETTLED_AS,1100000
payment,EV14_P1,transfer,TRF_0017,TRANSFERRED_BY,532400
payment,EV15_P1,seller_allocation,ALLOC_0018,ALLOCATED_TO,700000
payment,EV15_P1,ledger_entry,L_00147,POSTED_AS,1000000
payment,EV15_P1,ledger_entry,L_00148,POSTED_AS,1000000
payment,EV15_P1,ledger_entry,L_00149,POSTED_AS,976400
payment,EV15_P1,ledger_entry,L_00150,POSTED_AS,20000
payment,EV15_P1,ledger_entry,L_00151,POSTED_AS,3600
payment,EV15_P1,ledger_entry,L_00152,POSTED_AS,1000000
payment,EV15_P1,ledger_entry,L_00153,POSTED_AS,976400
payment,EV15_P1,ledger_entry,L_00154,POSTED_AS,20000
payment,EV15_P1,ledger_entry,L_00155,POSTED_AS,3600
payment,EV15_P1,ledger_entry,L_00156,POSTED_AS,1000000
payment,EV15_P1,settlement_item,SI_0027,SETTLED_AS,1000000
payment,EV15_P1,transfer,TRF_0018,TRANSFERRED_BY,595000
payment,EV16_P1,ledger_entry,L_00157,POSTED_AS,850000
payment,EV16_P1,ledger_entry,L_00158,POSTED_AS,850000
payment,EV16_P1,settlement_item,SI_0028,SETTLED_AS,850000
payment,EV17_P1,seller_allocation,ALLOC_0019,ALLOCATED_TO,750000
payment,EV17_P1,ledger_entry,L_00159,POSTED_AS,1250000
payment,EV17_P1,ledger_entry,L_00160,POSTED_AS,1250000
payment,EV17_P1,ledger_entry,L_00161,POSTED_AS,1220500
payment,EV17_P1,ledger_entry,L_00162,POSTED_AS,25000
payment,EV17_P1,ledger_entry,L_00163,POSTED_AS,4500
payment,EV17_P1,ledger_entry,L_00164,POSTED_AS,1250000
payment,EV17_P1,settlement_item,SI_0029,SETTLED_AS,1250000
payment,EV17_P1,transfer,TRF_0019,TRANSFERRED_BY,660000
payment,EV18_P1,seller_allocation,ALLOC_D4A,ALLOCATED_TO,800000
payment,EV18_P1,seller_allocation,ALLOC_D4B,ALLOCATED_TO,400000
payment,EV18_P1,transfer,EV18_T1,TRANSFERRED_BY,674000
payment,EV18_P1,transfer,EV18_T2,TRANSFERRED_BY,368000
payment,EV18_P1,transfer,EV18_T3,TRANSFERRED_BY,30000
payment,EV18_P1,ledger_entry,L_00165,POSTED_AS,1200000
payment,EV18_P1,ledger_entry,L_00166,POSTED_AS,1200000
payment,EV18_P1,ledger_entry,L_00167,POSTED_AS,1171680
payment,EV18_P1,ledger_entry,L_00168,POSTED_AS,24000
payment,EV18_P1,ledger_entry,L_00169,POSTED_AS,4320
payment,EV18_P1,ledger_entry,L_00170,POSTED_AS,1200000
payment,EV18_P1,settlement_item,SI_0030,SETTLED_AS,1200000
payment,EV19_P1,seller_allocation,ALLOC_D4C,ALLOCATED_TO,900000
payment,EV19_P1,ledger_entry,L_00171,POSTED_AS,950000
payment,EV19_P1,ledger_entry,L_00172,POSTED_AS,950000
payment,EV19_P1,ledger_entry,L_00173,POSTED_AS,927580
payment,EV19_P1,ledger_entry,L_00174,POSTED_AS,19000
payment,EV19_P1,ledger_entry,L_00175,POSTED_AS,3420
payment,EV19_P1,ledger_entry,L_00176,POSTED_AS,950000
payment,EV19_P1,settlement_item,SI_0031,SETTLED_AS,950000
payment,EV20_P1,seller_allocation,ALLOC_0020,ALLOCATED_TO,315000
payment,EV20_P1,ledger_entry,L_00177,POSTED_AS,450000
payment,EV20_P1,ledger_entry,L_00178,POSTED_AS,450000
payment,EV20_P1,ledger_entry,L_00179,POSTED_AS,439380
payment,EV20_P1,ledger_entry,L_00180,POSTED_AS,9000
payment,EV20_P1,ledger_entry,L_00181,POSTED_AS,1620
payment,EV20_P1,ledger_entry,L_00182,POSTED_AS,450000
payment,EV20_P1,settlement_item,SI_0032,SETTLED_AS,450000
payment,EV20_P1,transfer,TRF_0020,TRANSFERRED_BY,289800
payment,EV20_P2,seller_allocation,ALLOC_0021,ALLOCATED_TO,315000
payment,EV20_P2,ledger_entry,L_00183,POSTED_AS,450000
payment,EV20_P2,ledger_entry,L_00184,POSTED_AS,450000
payment,EV20_P2,ledger_entry,L_00185,POSTED_AS,439380
payment,EV20_P2,ledger_entry,L_00186,POSTED_AS,9000
payment,EV20_P2,ledger_entry,L_00187,POSTED_AS,1620
payment,EV20_P2,ledger_entry,L_00188,POSTED_AS,450000
payment,EV20_P2,settlement_item,SI_0033,SETTLED_AS,450000
payment,EV20_P2,transfer,TRF_0021,TRANSFERRED_BY,289800
payment,EV21_P1,seller_allocation,ALLOC_0022,ALLOCATED_TO,450000
payment,EV21_P1,ledger_entry,L_00189,POSTED_AS,500000
payment,EV21_P1,ledger_entry,L_00190,POSTED_AS,500000
payment,EV21_P1,ledger_entry,L_00191,POSTED_AS,488200
payment,EV21_P1,ledger_entry,L_00192,POSTED_AS,10000
payment,EV21_P1,ledger_entry,L_00193,POSTED_AS,1800
payment,EV21_P1,ledger_entry,L_00194,POSTED_AS,500000
payment,EV21_P1,settlement_item,SI_0034,SETTLED_AS,500000
payment,EV21_P1,transfer,TRF_0022,TRANSFERRED_BY,396000
payment,EV22_P1,ledger_entry,L_00195,POSTED_AS,500000
payment,EV22_P1,ledger_entry,L_00196,POSTED_AS,500000
payment,EV22_P1,ledger_entry,L_00197,POSTED_AS,488200
payment,EV22_P1,ledger_entry,L_00198,POSTED_AS,10000
payment,EV22_P1,ledger_entry,L_00199,POSTED_AS,1800
payment,EV22_P1,ledger_entry,L_00200,POSTED_AS,500000
payment,EV22_P1,settlement_item,SI_0035,SETTLED_AS,500000
settlement,EV_01,ledger_entry,L_00003,POSTED_AS,250000
settlement,EV_01,ledger_entry,L_00004,POSTED_AS,250000
settlement,EV_01,ledger_entry,L_00007,POSTED_AS,976400
settlement,EV_01,ledger_entry,L_00008,POSTED_AS,20000
settlement,EV_01,ledger_entry,L_00009,POSTED_AS,3600
settlement,EV_01,ledger_entry,L_00010,POSTED_AS,1000000
settlement,EV_01,ledger_entry,L_00013,POSTED_AS,470088
settlement,EV_01,ledger_entry,L_00014,POSTED_AS,8400
settlement,EV_01,ledger_entry,L_00015,POSTED_AS,1512
settlement,EV_01,ledger_entry,L_00016,POSTED_AS,480000
settlement,EV_02,ledger_entry,L_00019,POSTED_AS,605368
settlement,EV_02,ledger_entry,L_00020,POSTED_AS,12400
settlement,EV_02,ledger_entry,L_00021,POSTED_AS,2232
settlement,EV_02,ledger_entry,L_00022,POSTED_AS,620000
settlement,EV_02,ledger_entry,L_00025,POSTED_AS,302684
settlement,EV_02,ledger_entry,L_00026,POSTED_AS,6200
settlement,EV_02,ledger_entry,L_00027,POSTED_AS,1116
settlement,EV_02,ledger_entry,L_00028,POSTED_AS,310000
settlement,EV_03,ledger_entry,L_00033,POSTED_AS,578760
settlement,EV_03,ledger_entry,L_00034,POSTED_AS,18000
settlement,EV_03,ledger_entry,L_00035,POSTED_AS,3240
settlement,EV_03,ledger_entry,L_00036,POSTED_AS,600000
settlement,EV_04,ledger_entry,L_00039,POSTED_AS,970500
settlement,EV_04,ledger_entry,L_00040,POSTED_AS,25000
settlement,EV_04,ledger_entry,L_00041,POSTED_AS,4500
settlement,EV_04,ledger_entry,L_00042,POSTED_AS,1000000
settlement,EV_05,ledger_entry,L_00045,POSTED_AS,117363
settlement,EV_05,ledger_entry,L_00046,POSTED_AS,2404
settlement,EV_05,ledger_entry,L_00047,POSTED_AS,433
settlement,EV_05,ledger_entry,L_00048,POSTED_AS,120200
settlement,EV_05,ledger_entry,L_00051,POSTED_AS,176240
settlement,EV_05,ledger_entry,L_00052,POSTED_AS,3610
settlement,EV_05,ledger_entry,L_00053,POSTED_AS,650
settlement,EV_05,ledger_entry,L_00054,POSTED_AS,180500
settlement,EV_05,ledger_entry,L_00057,POSTED_AS,235019
settlement,EV_05,ledger_entry,L_00058,POSTED_AS,4814
settlement,EV_05,ledger_entry,L_00059,POSTED_AS,867
settlement,EV_05,ledger_entry,L_00060,POSTED_AS,240700
settlement,EV_05,ledger_entry,L_00063,POSTED_AS,293701
settlement,EV_05,ledger_entry,L_00064,POSTED_AS,6016
settlement,EV_05,ledger_entry,L_00065,POSTED_AS,1083
settlement,EV_05,ledger_entry,L_00066,POSTED_AS,300800
settlement,EV_05,ledger_entry,L_00069,POSTED_AS,352480
settlement,EV_05,ledger_entry,L_00070,POSTED_AS,7220
settlement,EV_05,ledger_entry,L_00071,POSTED_AS,1300
settlement,EV_05,ledger_entry,L_00072,POSTED_AS,361000
settlement,EV_05,ledger_entry,L_00075,POSTED_AS,411162
settlement,EV_05,ledger_entry,L_00076,POSTED_AS,8422
settlement,EV_05,ledger_entry,L_00077,POSTED_AS,1516
settlement,EV_05,ledger_entry,L_00078,POSTED_AS,421100
settlement,EV_06,ledger_entry,L_00083,POSTED_AS,771680
settlement,EV_06,ledger_entry,L_00084,POSTED_AS,24000
settlement,EV_06,ledger_entry,L_00085,POSTED_AS,4320
settlement,EV_06,ledger_entry,L_00086,POSTED_AS,800000
settlement,EV_07,ledger_entry,L_00091,POSTED_AS,631120
settlement,EV_07,ledger_entry,L_00092,POSTED_AS,16000
settlement,EV_07,ledger_entry,L_00093,POSTED_AS,2880
settlement,EV_07,ledger_entry,L_00094,POSTED_AS,650000
settlement,EV_08,ledger_entry,L_00097,POSTED_AS,683480
settlement,EV_08,ledger_entry,L_00098,POSTED_AS,14000
settlement,EV_08,ledger_entry,L_00099,POSTED_AS,2520
settlement,EV_08,ledger_entry,L_00100,POSTED_AS,700000
settlement,EV_08,ledger_entry,L_00103,POSTED_AS,250000
settlement,EV_08,ledger_entry,L_00104,POSTED_AS,250000
settlement,EV_09,ledger_entry,L_00107,POSTED_AS,927580
settlement,EV_09,ledger_entry,L_00108,POSTED_AS,19000
settlement,EV_09,ledger_entry,L_00109,POSTED_AS,3420
settlement,EV_09,ledger_entry,L_00110,POSTED_AS,950000
settlement,EV_10,ledger_entry,L_00113,POSTED_AS,1366960
settlement,EV_10,ledger_entry,L_00114,POSTED_AS,28000
settlement,EV_10,ledger_entry,L_00115,POSTED_AS,5040
settlement,EV_10,ledger_entry,L_00116,POSTED_AS,1400000
settlement,EV_11,ledger_entry,L_00119,POSTED_AS,878760
settlement,EV_11,ledger_entry,L_00120,POSTED_AS,18000
settlement,EV_11,ledger_entry,L_00121,POSTED_AS,3240
settlement,EV_11,ledger_entry,L_00122,POSTED_AS,900000
settlement,EV_11,ledger_entry,L_00125,POSTED_AS,587610
settlement,EV_11,ledger_entry,L_00126,POSTED_AS,10500
settlement,EV_11,ledger_entry,L_00127,POSTED_AS,1890
settlement,EV_11,ledger_entry,L_00128,POSTED_AS,600000
settlement,EV_12,ledger_entry,L_00131,POSTED_AS,683480
settlement,EV_12,ledger_entry,L_00132,POSTED_AS,14000
settlement,EV_12,ledger_entry,L_00133,POSTED_AS,2520
settlement,EV_12,ledger_entry,L_00134,POSTED_AS,700000
settlement,EV_13,ledger_entry,L_00137,POSTED_AS,538642
settlement,EV_13,ledger_entry,L_00138,POSTED_AS,9625
settlement,EV_13,ledger_entry,L_00139,POSTED_AS,1733
settlement,EV_13,ledger_entry,L_00140,POSTED_AS,550000
settlement,EV_14,ledger_entry,L_00143,POSTED_AS,1074040
settlement,EV_14,ledger_entry,L_00144,POSTED_AS,22000
settlement,EV_14,ledger_entry,L_00145,POSTED_AS,3960
settlement,EV_14,ledger_entry,L_00146,POSTED_AS,1100000
settlement,EV_15,ledger_entry,L_00149,POSTED_AS,976400
settlement,EV_15,ledger_entry,L_00150,POSTED_AS,20000
settlement,EV_15,ledger_entry,L_00151,POSTED_AS,3600
settlement,EV_15,ledger_entry,L_00152,POSTED_AS,1000000
settlement,EV_15,ledger_entry,L_00153,POSTED_AS,976400
settlement,EV_15,ledger_entry,L_00154,POSTED_AS,20000
settlement,EV_15,ledger_entry,L_00155,POSTED_AS,3600
settlement,EV_15,ledger_entry,L_00156,POSTED_AS,1000000
settlement,EV_17,ledger_entry,L_00161,POSTED_AS,1220500
settlement,EV_17,ledger_entry,L_00162,POSTED_AS,25000
settlement,EV_17,ledger_entry,L_00163,POSTED_AS,4500
settlement,EV_17,ledger_entry,L_00164,POSTED_AS,1250000
settlement,EV_18,ledger_entry,L_00167,POSTED_AS,1171680
settlement,EV_18,ledger_entry,L_00168,POSTED_AS,24000
settlement,EV_18,ledger_entry,L_00169,POSTED_AS,4320
settlement,EV_18,ledger_entry,L_00170,POSTED_AS,1200000
settlement,EV_19,ledger_entry,L_00173,POSTED_AS,927580
settlement,EV_19,ledger_entry,L_00174,POSTED_AS,19000
settlement,EV_19,ledger_entry,L_00175,POSTED_AS,3420
settlement,EV_19,ledger_entry,L_00176,POSTED_AS,950000
settlement,EV_20,ledger_entry,L_00179,POSTED_AS,439380
settlement,EV_20,ledger_entry,L_00180,POSTED_AS,9000
settlement,EV_20,ledger_entry,L_00181,POSTED_AS,1620
settlement,EV_20,ledger_entry,L_00182,POSTED_AS,450000
settlement,EV_20,ledger_entry,L_00185,POSTED_AS,439380
settlement,EV_20,ledger_entry,L_00186,POSTED_AS,9000
settlement,EV_20,ledger_entry,L_00187,POSTED_AS,1620
settlement,EV_20,ledger_entry,L_00188,POSTED_AS,450000
settlement,EV_21,ledger_entry,L_00191,POSTED_AS,488200
settlement,EV_21,ledger_entry,L_00192,POSTED_AS,10000
settlement,EV_21,ledger_entry,L_00193,POSTED_AS,1800
settlement,EV_21,ledger_entry,L_00194,POSTED_AS,500000
settlement,EV_22,ledger_entry,L_00197,POSTED_AS,488200
settlement,EV_22,ledger_entry,L_00198,POSTED_AS,10000
settlement,EV_22,ledger_entry,L_00199,POSTED_AS,1800
settlement,EV_22,ledger_entry,L_00200,POSTED_AS,500000
order,ORD_0001,payment,EV01_P1,PAID_BY,250000
order,ORD_0002,payment,EV01_P2,PAID_BY,1000000
order,ORD_0003,payment,EV01_P3,PAID_BY,480000
order,ORD_0004,payment,EV02_P1,PAID_BY,620000
order,ORD_0004,payment,EV02_P2,PAID_BY,620000
order,ORD_0004,payment,EV02_P3,PAID_BY,620000
order,ORD_0005,payment,EV02_P4,PAID_BY,310000
order,ORD_0006,payment,EV03_P1,PAID_BY,900000
order,ORD_0007,payment,EV04_P1,PAID_BY,1000000
order,ORD_0008,payment,EV05_P1,PAID_BY,120200
order,ORD_0009,payment,EV05_P2,PAID_BY,180500
order,ORD_0010,payment,EV05_P3,PAID_BY,240700
order,ORD_0011,payment,EV05_P4,PAID_BY,300800
order,ORD_0012,payment,EV05_P5,PAID_BY,361000
order,ORD_0013,payment,EV05_P6,PAID_BY,421100
order,ORD_0014,payment,EV06_P1,PAID_BY,1200000
order,ORD_0015,payment,EV07_P1,PAID_BY,800000
order,ORD_0016,payment,EV08_P1,PAID_BY,700000
order,ORD_0017,payment,EV08_P2,PAID_BY,250000
order,ORD_0018,payment,EV09_P1,PAID_BY,950000
order,ORD_0019,payment,EV10_P1,PAID_BY,1400000
order,ORD_0020,payment,EV11_P1,PAID_BY,900000
order,ORD_0021,payment,EV11_P2,PAID_BY,600000
order,ORD_0022,payment,EV12_P1,PAID_BY,700000
order,ORD_0023,payment,EV13_P1,PAID_BY,550000
order,ORD_0024,payment,EV14_P1,PAID_BY,1100000
order,ORD_0025,payment,EV15_P1,PAID_BY,1000000
order,ORD_0026,payment,EV16_P1,PAID_BY,850000
order,ORD_0027,payment,EV17_P1,PAID_BY,1250000
order,ORD_0028,payment,EV18_P1,PAID_BY,1200000
order,ORD_0029,payment,EV19_P1,PAID_BY,950000
order,ORD_0030,payment,EV20_P1,PAID_BY,450000
order,ORD_0031,payment,EV20_P2,PAID_BY,450000
order,ORD_0032,payment,EV21_P1,PAID_BY,500000
order,ORD_0033,payment,EV22_P1,PAID_BY,500000
order,ORD_0034,payment,PIPE_P001,PAID_BY,485000
order,ORD_0035,payment,PIPE_P002,PAID_BY,250000
order,ORD_0036,payment,PIPE_P003,PAID_BY,1120000
order,ORD_0037,payment,PIPE_P004,PAID_BY,318000
order,ORD_0038,payment,PIPE_P005,PAID_BY,742000
order,ORD_0039,payment,PIPE_P006,PAID_BY,196000
order,ORD_0040,payment,PIPE_P007,PAID_BY,655000
order,ORD_0041,payment,PIPE_P008,PAID_BY,1480000
order,ORD_0042,payment,PIPE_P009,PAID_BY,409000
order,ORD_0043,payment,PIPE_P010,PAID_BY,275000
order,ORD_0044,payment,PIPE_P011,PAID_BY,890000
order,ORD_0045,payment,PIPE_P012,PAID_BY,533000
order,ORD_0046,payment,PIPE_P013,PAID_BY,167000
payment,PIPE_P001,seller_allocation,ALLOC_0023,ALLOCATED_TO,291000
payment,PIPE_P001,seller_allocation,ALLOC_0024,ALLOCATED_TO,145500
payment,PIPE_P001,ledger_entry,L_00201,POSTED_AS,485000
payment,PIPE_P001,ledger_entry,L_00202,POSTED_AS,485000
payment,PIPE_P002,seller_allocation,ALLOC_0025,ALLOCATED_TO,200000
payment,PIPE_P002,ledger_entry,L_00203,POSTED_AS,250000
payment,PIPE_P002,ledger_entry,L_00204,POSTED_AS,250000
payment,PIPE_P003,seller_allocation,ALLOC_0026,ALLOCATED_TO,840000
payment,PIPE_P003,ledger_entry,L_00205,POSTED_AS,1120000
payment,PIPE_P003,ledger_entry,L_00206,POSTED_AS,1120000
payment,PIPE_P004,ledger_entry,L_00207,POSTED_AS,318000
payment,PIPE_P004,ledger_entry,L_00208,POSTED_AS,318000
payment,PIPE_P005,seller_allocation,ALLOC_0027,ALLOCATED_TO,667800
payment,PIPE_P005,ledger_entry,L_00209,POSTED_AS,742000
payment,PIPE_P005,ledger_entry,L_00210,POSTED_AS,742000
payment,PIPE_P006,ledger_entry,L_00211,POSTED_AS,196000
payment,PIPE_P006,ledger_entry,L_00212,POSTED_AS,196000
payment,PIPE_P007,seller_allocation,ALLOC_0028,ALLOCATED_TO,327500
payment,PIPE_P007,seller_allocation,ALLOC_0029,ALLOCATED_TO,262000
payment,PIPE_P007,ledger_entry,L_00213,POSTED_AS,655000
payment,PIPE_P007,ledger_entry,L_00214,POSTED_AS,655000
payment,PIPE_P008,seller_allocation,ALLOC_0030,ALLOCATED_TO,1184000
payment,PIPE_P008,ledger_entry,L_00215,POSTED_AS,1480000
payment,PIPE_P008,ledger_entry,L_00216,POSTED_AS,1480000
payment,PIPE_P009,seller_allocation,ALLOC_0031,ALLOCATED_TO,286300
payment,PIPE_P009,ledger_entry,L_00217,POSTED_AS,409000
payment,PIPE_P009,ledger_entry,L_00218,POSTED_AS,409000
payment,PIPE_P010,ledger_entry,L_00219,POSTED_AS,275000
payment,PIPE_P010,ledger_entry,L_00220,POSTED_AS,275000
payment,PIPE_P011,seller_allocation,ALLOC_0032,ALLOCATED_TO,578500
payment,PIPE_P011,ledger_entry,L_00221,POSTED_AS,890000
payment,PIPE_P011,ledger_entry,L_00222,POSTED_AS,890000
payment,PIPE_P012,seller_allocation,ALLOC_0033,ALLOCATED_TO,373100
payment,PIPE_P012,ledger_entry,L_00223,POSTED_AS,533000
payment,PIPE_P012,ledger_entry,L_00224,POSTED_AS,533000
payment,PIPE_P013,ledger_entry,L_00225,POSTED_AS,167000
payment,PIPE_P013,ledger_entry,L_00226,POSTED_AS,167000
settlement_item,SI_0001,settlement,EV_01,PART_OF,250000
settlement_item,SI_0002,settlement,EV_01,PART_OF,1000000
settlement_item,SI_0003,settlement,EV_01,PART_OF,480000
settlement_item,SI_0004,settlement,EV_02,PART_OF,620000
settlement_item,SI_0005,settlement,EV_02,PART_OF,310000
settlement_item,SI_0006,settlement,EV_03,PART_OF,900000
settlement_item,SI_0007,settlement,EV_03,PART_OF,-300000
settlement_item,SI_0008,settlement,EV_04,PART_OF,1000000
settlement_item,SI_0009,settlement,EV_05,PART_OF,120200
settlement_item,SI_0010,settlement,EV_05,PART_OF,180500
settlement_item,SI_0011,settlement,EV_05,PART_OF,240700
settlement_item,SI_0012,settlement,EV_05,PART_OF,300800
settlement_item,SI_0013,settlement,EV_05,PART_OF,361000
settlement_item,SI_0014,settlement,EV_05,PART_OF,421100
settlement_item,SI_0015,settlement,EV_06,PART_OF,1200000
settlement_item,SI_0016,settlement,EV_07,PART_OF,800000
settlement_item,SI_0017,settlement,EV_08,PART_OF,-150000
settlement_item,SI_0018,settlement,EV_08,PART_OF,700000
settlement_item,SI_0019,settlement,EV_08,PART_OF,250000
settlement_item,SI_0020,settlement,EV_09,PART_OF,950000
settlement_item,SI_0021,settlement,EV_10,PART_OF,1400000
settlement_item,SI_0022,settlement,EV_11,PART_OF,900000
settlement_item,SI_0023,settlement,EV_11,PART_OF,600000
settlement_item,SI_0024,settlement,EV_12,PART_OF,700000
settlement_item,SI_0025,settlement,EV_13,PART_OF,550000
settlement_item,SI_0026,settlement,EV_14,PART_OF,1100000
settlement_item,SI_0027,settlement,EV_15,PART_OF,1000000
settlement_item,SI_0028,settlement,EV_16,PART_OF,850000
settlement_item,SI_0029,settlement,EV_17,PART_OF,1250000
settlement_item,SI_0030,settlement,EV_18,PART_OF,1200000
settlement_item,SI_0031,settlement,EV_19,PART_OF,950000
settlement_item,SI_0032,settlement,EV_20,PART_OF,450000
settlement_item,SI_0033,settlement,EV_20,PART_OF,450000
settlement_item,SI_0034,settlement,EV_21,PART_OF,500000
settlement_item,SI_0035,settlement,EV_22,PART_OF,500000
